year,county_name,probation_pop,probation_budget_nominal,probation_budget_2024,cost_per_probationer_2024
2011,Alameda,14020,51583804,73172150,5219
2012,Alameda,13577,47725659,66000889,4861
2013,Alameda,13471,48144484,65399900,4855
2014,Alameda,9843,48460452,64847845,6588
2015,Alameda,8543,60815340,80693327,9446
2016,Alameda,7582,77745900,102422481,13509
2017,Alameda,6747,77667809,100590378,14909
2018,Alameda,5987,93205440,118037683,19716
2019,Alameda,6379,95174122,118009902,18500
2020,Alameda,4742,108307188,132309947,27902
2021,Alameda,2602,114433601,135730606,52164
2022,Alameda,1185,119438880,133124144,112341
2023,Alameda,2682,124864725,131344147,48972
2024,Alameda,2015,130623148,132649622,65831
2011,Alpine,31,281307,399037,12872
2012,Alpine,36,188831,261139,7254
2013,Alpine,45,211035,286672,6370
2014,Alpine,56,190967,255544,4563
2015,Alpine,74,188425,250013,3379
2016,Alpine,91,270270,356054,3913
2017,Alpine,79,273270,353922,4480
2018,Alpine,76,367556,465482,6125
2019,Alpine,54,410938,509537,9436
2020,Alpine,56,398824,487210,8700
2021,Alpine,54,386948,458962,8499
2022,Alpine,59,502826,560440,9499
2023,Alpine,49,663714,698155,14248
2011,Amador,467,1920869,2724772,5835
2012,Amador,1365,2213483,3061076,2243
2013,Amador,1375,2067879,2809025,2043
2014,Amador,1302,2080442,2783965,2138
2015,Amador,1327,2131982,2828838,2132
2016,Amador,1293,2052277,2703671,2091
2017,Amador,1261,2213953,2867370,2274
2018,Amador,1323,2673935,3386338,2560
2019,Amador,1274,2410579,2988966,2346
2020,Amador,1184,2415352,2950636,2492
2021,Amador,958,2590578,3072705,3207
2022,Amador,919,2832335,3156863,3435
2023,Amador,1030,2949977,3103056,3013
2024,Amador,1058,2885151,2929911,2769
2011,Butte,1542,8561778,12144969,7876
2012,Butte,1418,8917425,12332108,8697
2013,Butte,1506,9282452,12609366,8373
2014,Butte,1385,9296142,12439727,8982
2015,Butte,1255,10322804,13696896,10914
2016,Butte,1654,11501942,15152663,9161
2017,Butte,1235,14077909,18232807,14763
2018,Butte,1140,14824386,18773971,16468
2019,Butte,1156,16186105,20069748,17361
2020,Butte,925,15877551,19396293,20969
2021,Butte,791,15772012,18707309,23650
2022,Butte,918,16716430,18631793,20296
2023,Butte,1008,19139077,20132233,19972
2024,Butte,995,21223361,21552618,21661
2011,Calaveras,437,1654485,2346904,5370
2012,Calaveras,435,1818623,2515015,5782
2013,Calaveras,454,2088444,2836961,6249
2014,Calaveras,450,2359233,3157032,7016
2015,Calaveras,402,2329008,3090263,7687
2016,Calaveras,384,2363278,3113383,8108
2017,Calaveras,315,1442794,1868614,5932
2018,Calaveras,286,1536627,1946023,6804
2019,Calaveras,284,1631417,2022854,7123
2020,Calaveras,272,1806091,2206352,8112
2021,Calaveras,191,1964412,2330005,12199
2022,Calaveras,186,2155665,2402660,12918
2023,Calaveras,173,2019283,2124067,12278
2024,Calaveras,164,2035300,2066875,12603
2011,Colusa,148,1719815,2439575,16484
2012,Colusa,123,1877892,2596979,21114
2013,Colusa,140,1901528,2583053,18450
2014,Colusa,112,1821868,2437951,21767
2015,Colusa,128,1686348,2237545,17481
2016,Colusa,148,1390113,1831335,12374
2017,Colusa,147,1592376,2062344,14030
2018,Colusa,112,1839338,2329383,20798
2019,Colusa,102,1591569,1973445,19348
2020,Colusa,99,1891190,2310311,23336
2021,Colusa,58,2028843,2406427,41490
2022,Colusa,54,2052699,2287897,42368
2023,Colusa,50,2024734,2129801,42596
2024,Colusa,46,2013405,2044641,44449
2011,Contra Costa,3191,29159148,41362548,12962
2012,Contra Costa,3634,29133328,40289136,11087
2013,Contra Costa,3789,17798975,24178288,6381
2014,Contra Costa,3717,17631839,23594224,6348
2015,Contra Costa,3626,20221080,26830504,7399
2016,Contra Costa,3469,21126667,27832280,8023
2017,Contra Costa,3624,19685546,25495460,7035
2018,Contra Costa,3745,21419824,27126597,7243
2019,Contra Costa,3838,22669976,28109339,7324
2020,Contra Costa,3771,24126388,29473216,7816
2021,Contra Costa,3000,25556283,30312511,10104
2022,Contra Costa,2702,26734928,29798206,11028
2023,Contra Costa,1931,27842124,29286894,15167
2024,Contra Costa,2003,31786994,32280134,16116
2011,Del Norte,185,1356032,1923545,10398
2012,Del Norte,190,1239583,1714247,9022
2013,Del Norte,206,1600363,2173947,10553
2014,Del Norte,243,1535664,2054964,8457
2015,Del Norte,238,1637008,2172077,9126
2016,Del Norte,260,1804196,2376849,9142
2017,Del Norte,211,1775834,2299947,10900
2018,Del Norte,244,1890320,2393948,9811
2019,Del Norte,232,2198072,2725470,11748
2020,Del Norte,191,2299357,2808935,14706
2021,Del Norte,178,2136800,2534476,14239
2022,Del Norte,164,2150955,2397411,14618
2023,Del Norte,171,2024003,2129032,12450
2011,El Dorado,1119,6526531,9257951,8273
2012,El Dorado,1132,6672670,9227786,8152
2013,El Dorado,1126,7030721,9550595,8482
2014,El Dorado,1131,7546056,10097831,8928
2015,El Dorado,1107,9025454,11975497,10818
2016,El Dorado,1035,9820922,12938087,12501
2017,El Dorado,981,10238082,13259709,13517
2018,El Dorado,957,10708626,13561670,14171
2019,El Dorado,940,11735566,14551361,15480
2020,El Dorado,860,12912605,15774263,18342
2021,El Dorado,833,12729722,15098825,18126
2022,El Dorado,806,13061156,14557699,18062
2023,El Dorado,583,14804364,15572585,26711
2024,El Dorado,434,16376530,16630594,38319
2011,Fresno,6257,24566596,34847966,5569
2012,Fresno,6352,25588742,35387248,5571
2013,Fresno,7220,28878450,39228746,5433
2014,Fresno,7903,29397711,39338845,4978
2015,Fresno,7715,32516031,43144159,5592
2016,Fresno,9337,31562697,41580710,4453
2017,Fresno,8676,36977000,47890245,5520
2018,Fresno,8987,42204000,53448193,5947
2019,Fresno,8265,47475000,58866002,7122
2020,Fresno,7867,49293000,60217187,7654
2021,Fresno,7623,52142085,61846142,8113
2022,Fresno,7897,52786294,58834528,7450
2023,Fresno,7839,56168392,59083056,7537
2024,Fresno,7276,59664682,60590314,8327
2011,Glenn,1760,1283464,1820607,1034
2012,Glenn,670,1300794,1798897,2685
2013,Glenn,334,1556032,2113728,6329
2014,Glenn,233,1813441,2426674,10415
2015,Glenn,206,1611042,2137624,10377
2016,Glenn,255,1758996,2317302,9087
2017,Glenn,267,1920321,2487077,9315
2018,Glenn,267,2423216,3068821,11494
2019,Glenn,267,2726649,3380873,12662
2020,Glenn,250,2466279,3012849,12051
2021,Glenn,205,2624971,3113499,15188
2022,Glenn,282,2819836,3142932,11145
2023,Glenn,254,2737032,2879061,11335
2024,Glenn,238,3455476,3509084,14744
2011,Humboldt,1547,5329795,7560368,4887
2012,Humboldt,1597,5758313,7963301,4986
2013,Humboldt,1527,6475445,8796303,5761
2014,Humboldt,1250,7183893,9613199,7691
2015,Humboldt,1076,6937213,9204697,8555
2016,Humboldt,1104,7928245,10444673,9461
2017,Humboldt,1169,7747730,10034364,8584
2018,Humboldt,1176,8406746,10646512,9053
2019,Humboldt,1195,8570852,10627315,8893
2020,Humboldt,1023,0,0,0
2021,Humboldt,1025,0,0,0
2022,Humboldt,916,8399405,9361806,10220
2023,Humboldt,1027,8648561,9097348,8858
2024,Humboldt,1127,9126847,9268440,8224
2011,Imperial,1897,5325201,7553852,3982
2012,Imperial,2109,5871455,8119767,3850
2013,Imperial,2388,8307570,11285078,4726
2014,Imperial,2773,8566723,11463647,4134
2015,Imperial,3051,8053980,10686489,3503
2016,Imperial,3218,9334449,12297207,3821
2017,Imperial,3360,10834635,14032326,4176
2018,Imperial,3541,11423326,14466784,4086
2019,Imperial,1242,10787384,13375675,10769
2020,Imperial,943,8480312,10359697,10986
2021,Imperial,724,8616263,10219818,14116
2022,Imperial,875,9633371,10737159,12271
2023,Imperial,1025,10840126,11402637,11125
2011,Inyo,509,1223089,1734964,3409
2012,Inyo,421,1336808,1848702,4391
2013,Inyo,219,1428022,1939838,8858
2014,Inyo,197,1470815,1968186,9991
2015,Inyo,181,1339906,1777865,9822
2016,Inyo,309,1468201,1934209,6260
2017,Inyo,275,1432187,1854877,6745
2018,Inyo,230,1474505,1867350,8119
2019,Inyo,200,1481303,1836722,9184
2020,Inyo,165,1387934,1695524,10276
2021,Inyo,101,1338052,1587074,15714
2022,Inyo,127,1445027,1610598,12682
2023,Inyo,134,1642729,1727973,12895
2024,Inyo,150,1918573,1948338,12989
2011,Kern,7719,31356892,44480070,5762
2012,Kern,7577,32434924,44854987,5920
2013,Kern,7693,36373262,49409766,6423
2014,Kern,8129,38343501,51309745,6312
2015,Kern,7218,39140016,51933248,7195
2016,Kern,7127,42650754,56188121,7884
2017,Kern,7296,43449500,56273013,7713
2018,Kern,7404,43954961,55665654,7518
2019,Kern,7706,42276528,52420225,6803
2020,Kern,7466,49902176,60961367,8165
2021,Kern,6965,44648016,52957367,7603
2022,Kern,6888,90034220,100350308,14569
2023,Kern,6999,56362428,59287161,8471
2024,Kern,6755,61564050,62519148,9255
2011,Kings,4447,8239607,11687966,2628
2012,Kings,4529,6336428,8762789,1935
2013,Kings,3987,7001971,9511540,2386
2014,Kings,4114,8031181,10747006,2612
2015,Kings,4037,8786907,11658979,2888
2016,Kings,3394,8952003,11793373,3475
2017,Kings,3313,9212417,11931333,3601
2018,Kings,3662,9168332,11611003,3171
2019,Kings,3467,9018321,11182149,3225
2020,Kings,3319,9198232,11236720,3386
2021,Kings,2681,9346336,11085764,4135
2022,Kings,2164,11936989,13304725,6148
2023,Kings,2020,11242309,11825690,5854
2024,Kings,2012,11903570,12088241,6008
2011,Lake,631,2182678,3096151,4907
2012,Lake,580,2758987,3815465,6578
2013,Lake,914,3139788,4265116,4666
2014,Lake,871,3183253,4259702,4891
2015,Lake,759,2744103,3641035,4797
2016,Lake,625,3447119,4541236,7266
2017,Lake,620,4377129,5668977,9144
2018,Lake,700,4065955,5149226,7356
2019,Lake,636,3839333,4760530,7485
2020,Lake,543,4557966,5568091,10254
2021,Lake,386,4364075,5176264,13410
2022,Lake,432,4697602,5235852,12120
2023,Lake,441,5533376,5820511,13198
2024,Lake,401,5529558,5615343,14003
2011,Lassen,239,1417296,2010449,8412
2012,Lassen,256,1140065,1576622,6159
2013,Lassen,423,1032801,1402966,3317
2014,Lassen,399,906916,1213599,3042
2015,Lassen,160,1273996,1690412,10565
2016,Lassen,145,1308420,1723713,11888
2017,Lassen,126,1330332,1722961,13674
2018,Lassen,128,1637122,2073292,16198
2019,Lassen,87,1586315,1966930,22608
2020,Lassen,107,2131107,2603397,24331
2021,Lassen,92,2059745,2443080,26555
2022,Lassen,114,2085329,2324265,20388
2023,Lassen,101,2095556,2204298,21825
2024,Lassen,111,2135104,2168228,19534
2011,Los Angeles,54374,357731772,507446152,9333
2012,Los Angeles,58469,370198722,511956155,8756
2013,Los Angeles,55808,411619408,559147505,10019
2014,Los Angeles,55265,424613053,568200261,10281
2015,Los Angeles,46486,453955558,602334613,12957
2016,Los Angeles,45028,473330733,623566106,13848
2017,Los Angeles,43622,499174576,646498977,14820
2018,Los Angeles,37089,526660553,666976001,17983
2019,Los Angeles,35788,537405953,666349449,18619
2020,Los Angeles,33817,550239544,672182211,19877
2021,Los Angeles,26537,566730255,672203270,25331
2022,Los Angeles,24589,593519665,661524933,26903
2023,Los Angeles,22685,591514458,622209048,27428
2024,Los Angeles,22080,629009003,638767384,28930
2011,Madera,3570,3316949,4705126,1318
2012,Madera,3678,3742215,5175193,1407
2013,Madera,3509,3771485,5123219,1460
2014,Madera,3467,4492282,6011393,1734
2015,Madera,3349,7752791,10286854,3072
2016,Madera,3340,13340599,17574911,5262
2017,Madera,3311,5154077,6675231,2016
2018,Madera,3461,5044315,6388246,1846
2019,Madera,3444,5962538,7393171,2147
2020,Madera,3279,6377922,7791381,2376
2021,Madera,3664,6146760,7290721,1990
2022,Madera,3639,6413053,7147858,1964
2023,Madera,3685,7407962,7792372,2115
2024,Madera,3625,7551845,7669004,2116
2011,Marin,2218,11372955,16132652,7274
2012,Marin,2204,11346817,15691769,7120
2013,Marin,2309,12539218,17033386,7377
2014,Marin,2273,15041984,20128583,8856
2015,Marin,2185,14907343,19779929,9053
2016,Marin,2187,16049238,21143273,9668
2017,Marin,2110,16538554,21419677,10152
2018,Marin,2168,16311605,20657422,9528
2019,Marin,2290,16735493,20750955,9062
2020,Marin,2339,16577421,20251266,8658
2021,Marin,2227,17163922,20358265,9142
2022,Marin,1562,17587965,19603188,12550
2023,Marin,1569,18830048,19807168,12624
2024,Marin,1006,19050392,19345938,19231
2011,Mariposa,481,1486007,2107916,4382
2012,Mariposa,368,1592721,2202610,5985
2013,Mariposa,359,1783529,2422762,6749
2014,Mariposa,266,1729227,2313983,8699
2015,Mariposa,277,1904668,2527224,9124
2016,Mariposa,283,2036165,2682445,9479
2017,Mariposa,278,2232321,2891159,10400
2018,Mariposa,235,2122439,2687909,11438
2019,Mariposa,210,2359267,2925342,13930
2020,Mariposa,130,2136558,2610056,20077
2021,Mariposa,135,2198427,2607572,19315
2022,Mariposa,151,2486454,2771351,18353
2023,Mariposa,136,2884235,3033902,22308
2011,Mendocino,2432,3437327,4875883,2005
2012,Mendocino,2532,3460696,4785874,1890
2013,Mendocino,818,4420436,6004760,7341
2014,Mendocino,783,4628077,6193108,7909
2015,Mendocino,764,4917649,6525022,8541
2016,Mendocino,841,5116419,6740373,8015
2017,Mendocino,1006,4839508,6267821,6230
2018,Mendocino,1227,5089022,6444864,5253
2019,Mendocino,814,4725067,5858785,7198
2020,Mendocino,775,5159060,6302398,8132
2021,Mendocino,667,5605500,6648728,9968
2022,Mendocino,525,0,0,0
2023,Mendocino,464,6545361,6885010,14838
2024,Mendocino,565,6303955,6401754,11331
2011,Merced,3138,10030652,14228582,4534
2012,Merced,2900,10648205,14725643,5078
2013,Merced,2760,11928866,16204279,5871
2014,Merced,2846,13403819,17936456,6302
2015,Merced,2223,14551515,19307796,8685
2016,Merced,2153,15668441,20641611,9587
2017,Merced,1533,16842575,21813426,14229
2018,Merced,1561,18055248,22865614,14648
2019,Merced,1547,19153535,23749174,15352
2020,Merced,1311,19291199,23566465,17976
2021,Merced,1072,19505265,23135350,21581
2022,Merced,1223,20363561,22696810,18558
2023,Merced,1252,22970860,24162853,19299
2024,Merced,1094,27142328,27563411,25195
2011,Modoc,272,396271,562114,2067
2012,Modoc,203,372687,515397,2539
2013,Modoc,123,376465,511393,4158
2014,Modoc,133,272552,364718,2742
2015,Modoc,116,287320,381233,3286
2016,Modoc,119,282349,371967,3126
2017,Modoc,122,361386,468044,3836
2018,Modoc,127,403819,511406,4027
2019,Modoc,150,439507,544961,3633
2020,Modoc,171,468697,572568,3348
2021,Modoc,141,524613,622248,4413
2022,Modoc,166,598442,667011,4018
2023,Modoc,88,504140,530301,6026
2024,Modoc,137,549343,557865,4072
2011,Mono,243,1598427,2267385,9331
2012,Mono,263,1531300,2117669,8052
2013,Mono,266,1293202,1756697,6604
2014,Mono,257,1228676,1644165,6398
2015,Mono,134,1308993,1736848,12962
2016,Mono,146,1466394,1931828,13232
2017,Mono,142,1222872,1583786,11153
2018,Mono,156,1433239,1815089,11635
2019,Mono,126,1903853,2360658,18735
2020,Mono,107,2089244,2552257,23853
2021,Mono,76,2208055,2618992,34460
2022,Mono,77,2743558,3057914,39713
2023,Mono,69,2695676,2835559,41095
2024,Mono,70,3341782,3393626,48480
2011,Monterey,5489,18781024,26641073,4854
2012,Monterey,5318,17909623,24767621,4657
2013,Monterey,5055,22900959,31108869,6154
2014,Monterey,2271,23475093,31413434,13832
2015,Monterey,1914,18747707,24875547,12997
2016,Monterey,1699,18815506,24787555,14589
2017,Monterey,1616,20020726,25929564,16046
2018,Monterey,1589,21824331,27638875,17394
2019,Monterey,1535,21212855,26302601,17135
2020,Monterey,1411,25431383,31067420,22018
2021,Monterey,1163,26122155,30983696,26641
2022,Monterey,1244,26917633,30001846,24117
2023,Monterey,1262,27855951,29301439,23218
2024,Monterey,1309,29056010,29506782,22541
2011,Napa,2340,8696836,12336550,5272
2012,Napa,2264,9171021,12682812,5602
2013,Napa,2028,11275201,15316334,7552
2014,Napa,2088,12098292,16189452,7754
2015,Napa,2136,11847069,15719380,7359
2016,Napa,1963,12565994,16554446,8433
2017,Napa,1861,13818076,17896288,9616
2018,Napa,1755,14170306,17945627,10225
2019,Napa,1649,15633076,19384027,11755
2020,Napa,1455,15924767,19453973,13370
2021,Napa,1155,15294789,18141271,15707
2022,Napa,1167,16309583,18178329,15577
2023,Napa,1105,17178244,18069649,16353
2024,Napa,1032,18913767,19207193,18612
2011,Nevada,547,3893930,5523579,10098
2012,Nevada,609,3935031,5441843,8936
2013,Nevada,557,3332202,4526493,8127
2014,Nevada,513,3507801,4693999,9150
2015,Nevada,629,3917143,5197493,8263
2016,Nevada,739,4605058,6066705,8209
2017,Nevada,767,5488520,7108380,9268
2018,Nevada,766,5374026,6805800,8885
2019,Nevada,776,5445654,6752267,8701
2020,Nevada,682,5510720,6731992,9871
2021,Nevada,564,5749875,6819973,12092
2022,Nevada,513,6461916,7202320,14040
2023,Nevada,507,6742158,7092019,13988
2024,Nevada,394,6882291,6989062,17739
2011,Orange,11663,85467957,121237165,10395
2012,Orange,12167,88096593,121830764,10013
2013,Orange,13836,93630450,127188445,9193
2014,Orange,15447,97581812,130580091,8453
2015,Orange,13251,104046447,138054872,10418
2016,Orange,14369,110026529,144948995,10088
2017,Orange,15776,116959644,151478649,9602
2018,Orange,12649,96053435,121644455,9617
2019,Orange,11283,99944761,123925193,10983
2020,Orange,11971,105464293,128837017,10762
2021,Orange,13726,99943828,118544170,8636
2022,Orange,16466,96582632,107649035,6538
2023,Orange,18619,97562114,102624761,5512
2024,Orange,21494,105327612,106961654,4976
2011,Placer,3342,3826258,5427586,1624
2012,Placer,3142,15209564,21033649,6694
2013,Placer,2990,16299489,22141372,7405
2014,Placer,3092,19519130,26119722,8448
2015,Placer,3232,17361250,23035915,7127
2016,Placer,3228,17523817,23085884,7152
2017,Placer,3304,19491239,25243806,7640
2018,Placer,3319,26898109,34064433,10263
2019,Placer,3182,23179235,28740788,9032
2020,Placer,2875,22034099,26917239,9363
2021,Placer,2571,22925370,27191964,10576
2022,Placer,2545,23297610,25967042,10203
2023,Placer,2072,24724832,26007841,12552
2024,Placer,2005,26938837,27356763,13644
2011,Plumas,363,1371398,1945342,5359
2012,Plumas,334,1396754,1931603,5783
2013,Plumas,251,1225486,1664711,6632
2014,Plumas,266,1091082,1460042,5489
2015,Plumas,216,1372868,1821601,8433
2016,Plumas,184,1408630,1855730,10085
2017,Plumas,194,1582907,2050080,10567
2018,Plumas,178,1577115,1997298,11221
2019,Plumas,157,1596008,1978949,12605
2020,Plumas,133,1637042,1999839,15036
2021,Plumas,139,1491126,1768636,12724
2022,Plumas,95,1526952,1701910,17915
2023,Plumas,97,1408234,1481309,15271
2024,Plumas,108,1424369,1446467,13393
2011,Riverside,15638,38011493,53919689,3448
2012,Riverside,13473,44824353,61988608,4601
2013,Riverside,12619,49558133,67320214,5335
2014,Riverside,12348,55952195,74872997,6064
2015,Riverside,10460,62245885,82591457,7896
2016,Riverside,9340,72589567,95629526,10239
2017,Riverside,8895,76112762,98576380,11082
2018,Riverside,8932,78250528,99098412,11095
2019,Riverside,8504,77516183,96115172,11302
2020,Riverside,7461,114415258,139771672,18734
2021,Riverside,6326,79171394,93905821,14844
2022,Riverside,6914,81776123,91146002,13183
2023,Riverside,7529,82820964,87118671,11571
2024,Riverside,7896,92379841,93813012,11881
2011,Sacramento,21315,30032426,42601301,1999
2012,Sacramento,25895,37870268,52371647,2022
2013,Sacramento,31315,45219709,61426859,1962
2014,Sacramento,36696,54402643,72799448,1984
2015,Sacramento,39867,63308863,84001878,2107
2016,Sacramento,19784,70451888,92813347,4691
2017,Sacramento,19094,79873000,103446400,5418
2018,Sacramento,18494,86125000,109070838,5898
2019,Sacramento,18338,78640000,97508635,5317
2020,Sacramento,17379,82928256,101306602,5829
2021,Sacramento,12228,93528781,110935232,9072
2022,Sacramento,12730,97344975,108498727,8523
2023,Sacramento,12653,110848028,116600102,9215
2024,Sacramento,12031,107312973,108977816,9058
2011,San Benito,582,2240897,3178735,5462
2012,San Benito,538,2517991,3482186,6472
2013,San Benito,479,2198961,2987088,6236
2014,San Benito,364,2182864,2921022,8025
2015,San Benito,366,2282359,3028367,8274
2016,San Benito,413,2882830,3797841,9196
2017,San Benito,312,3238022,4193679,13441
2018,San Benito,324,3088099,3910845,12071
2019,San Benito,315,3270060,4054668,12872
2020,San Benito,245,3266041,3989853,16285
2021,San Benito,165,3182732,3775064,22879
2022,San Benito,197,3580962,3991267,20260
2023,San Benito,220,4367318,4593945,20882
2024,San Benito,226,4166611,4231251,18722
2011,San Bernardino,21491,63560977,90161892,4195
2012,San Bernardino,20632,72238903,99900807,4842
2013,San Bernardino,22885,86382885,117343288,5128
2014,San Bernardino,15146,90772627,121468311,8020
2015,San Bernardino,14650,98153506,130235775,8890
2016,San Bernardino,13713,103248578,136019720,9919
2017,San Bernardino,12872,102928293,133306140,10356
2018,San Bernardino,12384,118401735,149946897,12108
2019,San Bernardino,11616,115734360,143503299,12354
2020,San Bernardino,10144,150390789,183720007,18111
2021,San Bernardino,9332,144697632,171627014,18391
2022,San Bernardino,9149,149470302,166596555,18209
2023,San Bernardino,8702,171375097,180268013,20716
2024,San Bernardino,8172,187853022,190767355,23344
2011,San Diego,14183,95535020,135517396,9555
2012,San Diego,13560,103513097,143150595,10557
2013,San Diego,12944,120944457,164292038,12693
2014,San Diego,12438,135280829,181027413,14554
2015,San Diego,9894,137829011,182879541,18484
2016,San Diego,9740,134571821,177284973,18202
2017,San Diego,9376,138930712,179934170,19191
2018,San Diego,9630,138085155,174874469,18159
2019,San Diego,9750,149351789,185186788,18994
2020,San Diego,8196,151247528,184766615,22544
2021,San Diego,6773,147655641,175135532,25858
2022,San Diego,7421,145002005,161616282,21778
2023,San Diego,7531,153287699,161242032,21410
2024,San Diego,7256,167117119,169709757,23389
2011,San Francisco,6172,11870089,16837842,2728
2012,San Francisco,5646,15536757,21486131,3806
2013,San Francisco,5519,23205131,31522059,5712
2014,San Francisco,4603,23489130,31432217,6829
2015,San Francisco,3854,25928426,34403342,8927
2016,San Francisco,3599,29283059,38577514,10719
2017,San Francisco,3274,31507720,40806783,12464
2018,San Francisco,2864,33112507,41934501,14642
2019,San Francisco,2491,39420046,48878368,19622
2020,San Francisco,2278,44088481,53859256,23643
2021,San Francisco,1413,47241709,56033767,39656
2022,San Francisco,1153,46862288,52231752,45301
2023,San Francisco,1184,47599779,50069804,42289
2024,San Francisco,1339,47056820,47786855,35688
2011,San Joaquin,12062,15634608,22177850,1839
2012,San Joaquin,11817,15071979,20843379,1764
2013,San Joaquin,12918,15216247,20669887,1600
2014,San Joaquin,13566,14580255,19510716,1438
2015,San Joaquin,14177,14059737,18655276,1316
2016,San Joaquin,15651,16682844,21977986,1404
2017,San Joaquin,16745,30962948,40101229,2395
2018,San Joaquin,4181,34278508,43411154,10383
2019,San Joaquin,4256,45095096,55915072,13138
2020,San Joaquin,4098,48022549,58665182,14316
2021,San Joaquin,3028,48852853,57944758,19136
2022,San Joaquin,2686,53244758,59345523,22094
2023,San Joaquin,3115,52378140,55096122,17687
2024,San Joaquin,3167,61190398,62139700,19621
2011,San Luis Obispo,2026,9780546,13873804,6848
2012,San Luis Obispo,2153,9873964,13654927,6342
2013,San Luis Obispo,2369,11167531,15170075,6404
2014,San Luis Obispo,2308,12116417,16213706,7025
2015,San Luis Obispo,2139,12896658,17112035,8000
2016,San Luis Obispo,1922,14559475,19180658,9980
2017,San Luis Obispo,1864,15090637,19544428,10485
2018,San Luis Obispo,1597,15105497,19129976,11979
2019,San Luis Obispo,1778,15340785,19021605,10698
2020,San Luis Obispo,1416,16713996,20418109,14420
2021,San Luis Obispo,1127,16195685,19209831,17045
2022,San Luis Obispo,1240,17793003,19831719,15993
2023,San Luis Obispo,1317,19261636,20261152,15384
2024,San Luis Obispo,1355,19674007,19979228,14745
2011,San Mateo,6374,729759,1035171,162
2012,San Mateo,5921,0,0,0
2013,San Mateo,5551,2052254,2787800,502
2014,San Mateo,5409,5521570,7388745,1366
2015,San Mateo,4949,9643734,12795867,2586
2016,San Mateo,4379,13041621,17181037,3924
2017,San Mateo,4411,10765118,13942292,3161
2018,San Mateo,5264,16484581,20876483,3966
2019,San Mateo,5983,16792840,20822061,3480
2020,San Mateo,5874,15402114,18815491,3203
2021,San Mateo,3085,16382665,19431609,6299
2022,San Mateo,3300,14459008,16115716,4884
2023,San Mateo,2680,15655423,16467807,6145
2024,San Mateo,2230,14240377,14461301,6485
2011,Santa Barbara,3966,25827146,36636069,9238
2012,Santa Barbara,4026,25160462,34794970,8643
2013,Santa Barbara,4361,28373820,38543252,8838
2014,Santa Barbara,4313,30251031,40480724,9386
2015,Santa Barbara,4022,32245088,42784656,10638
2016,Santa Barbara,4080,33457246,44076590,10803
2017,Santa Barbara,3712,34924832,45232408,12185
2018,Santa Barbara,3220,36009401,45603199,14162
2019,Santa Barbara,3043,36357816,45081396,14815
2020,Santa Barbara,2848,36818535,44978164,15793
2021,Santa Barbara,3052,40094528,47556439,15582
2022,Santa Barbara,2279,42510376,47381200,20790
2023,Santa Barbara,2479,43895927,46173754,18626
2024,Santa Barbara,2561,46503076,47224520,18440
2011,Santa Clara,11481,18227306,25855619,2252
2012,Santa Clara,10967,17332250,23969159,2186
2013,Santa Clara,10120,19129402,25985552,2568
2014,Santa Clara,9576,20034898,26809902,2800
2015,Santa Clara,8098,19726843,26174722,3232
2016,Santa Clara,7651,20417511,26898038,3516
2017,Santa Clara,7626,0,0,0
2018,Santa Clara,6995,26745819,33871569,4842
2019,Santa Clara,6424,25601457,31744190,4941
2020,Santa Clara,5733,23026378,28129424,4907
2021,Santa Clara,4288,23403849,27759492,6474
2022,Santa Clara,4197,20583236,22941656,5466
2023,Santa Clara,4488,23602793,24827578,5532
2024,Santa Clara,5026,26113265,26518384,5276
2011,Santa Cruz,5812,10088857,14311146,2462
2012,Santa Cruz,2403,10316406,14266790,5937
2013,Santa Cruz,2303,13003269,17663758,7670
2014,Santa Cruz,2158,13736944,18382231,8518
2015,Santa Cruz,1992,14564269,19324718,9701
2016,Santa Cruz,1706,15534295,20464887,11996
2017,Santa Cruz,1561,16963284,21969760,14074
2018,Santa Cruz,1454,17022280,21557438,14826
2019,Santa Cruz,1375,18080436,22418599,16304
2020,Santa Cruz,1269,19196172,23450378,18479
2021,Santa Cruz,1180,20639115,24480219,20746
2022,Santa Cruz,1127,43732733,48743614,43251
2023,Santa Cruz,1213,21114007,22209645,18310
2024,Santa Cruz,1203,22044679,22386678,18609
2011,Shasta,1769,5793404,8218002,4646
2012,Shasta,1430,6023491,8330021,5825
2013,Shasta,1352,7536024,10237003,7572
2014,Shasta,1301,8751564,11710994,9002
2015,Shasta,1535,9468881,12563862,8185
2016,Shasta,1709,9403228,12387817,7249
2017,Shasta,1633,10359528,13416998,8216
2018,Shasta,1470,11197728,14181081,9647
2019,Shasta,1378,10765070,13348007,9687
2020,Shasta,1288,11551540,14111562,10956
2021,Shasta,1029,11752331,13939533,13547
2022,Shasta,1004,12897538,14375333,14318
2023,Shasta,883,13876973,14597070,16531
2024,Shasta,764,14292513,14514246,18998
2011,Sierra,37,424669,602397,16281
2012,Sierra,38,464942,642979,16920
2013,Sierra,37,393504,534539,14447
2014,Sierra,32,407061,544713,17022
2015,Sierra,35,442047,586534,16758
2016,Sierra,41,480771,633368,15448
2017,Sierra,39,532958,690253,17699
2018,Sierra,37,627673,794901,21484
2019,Sierra,39,730081,905254,23212
2020,Sierra,37,613685,749688,20262
2021,Sierra,31,524148,621696,20055
2022,Sierra,29,1481064,1650764,56923
2023,Sierra,20,744876,783529,39176
2011,Siskiyou,460,1877313,2662988,5789
2012,Siskiyou,490,2013118,2783986,5682
2013,Siskiyou,450,2521817,3425659,7613
2014,Siskiyou,421,2836081,3795131,9015
2015,Siskiyou,415,3274326,4344566,10469
2016,Siskiyou,381,3560671,4690829,12312
2017,Siskiyou,308,2058129,2665557,8654
2018,Siskiyou,390,2069499,2620865,6720
2019,Siskiyou,351,2003144,2483772,7076
2020,Siskiyou,303,1902812,2324508,7672
2021,Siskiyou,247,2573516,3052468,12358
2022,Siskiyou,223,2625902,2926777,13125
2023,Siskiyou,284,2901604,3052173,10747
2024,Siskiyou,259,2979998,3026229,11684
2011,Solano,3511,19048121,27019953,7696
2012,Solano,3208,17685166,24457215,7624
2013,Solano,3094,18160006,24668715,7973
2014,Solano,2935,20853069,27904746,9508
2015,Solano,2655,23797006,31575250,11893
2016,Solano,2695,25842657,34045127,12633
2017,Solano,2763,26456815,34265174,12401
2018,Solano,2605,27028061,34229008,13140
2019,Solano,2290,27304672,33856069,14784
2020,Solano,2266,29130828,35586727,15705
2021,Solano,1712,30236649,35863930,20949
2022,Solano,2018,32211606,35902400,17791
2023,Solano,1955,34371037,36154603,18493
2024,Solano,1764,38255057,38848542,22023
2011,Sonoma,2963,16159084,22921825,7736
2012,Sonoma,2712,17285280,23904203,8814
2013,Sonoma,2529,22424726,30461949,12045
2014,Sonoma,2365,21911873,29321595,12398
2015,Sonoma,2147,27522803,36518854,17009
2016,Sonoma,2105,29910903,39404636,18720
2017,Sonoma,1955,34413189,44569761,22798
2018,Sonoma,1505,38828518,49173399,32673
2019,Sonoma,1282,39887089,49457472,38578
2020,Sonoma,1093,45297617,55336358,50628
2021,Sonoma,756,48009248,56944151,75323
2022,Sonoma,1136,47069905,52463158,46182
2023,Sonoma,1428,48486248,51002274,35716
2024,Sonoma,1332,52811042,53630347,40263
2011,Stanislaus,3719,10729977,15220581,4093
2012,Stanislaus,4482,10049265,13897355,3101
2013,Stanislaus,5109,12858010,17466436,3419
2014,Stanislaus,5334,17295555,23144222,4339
2015,Stanislaus,5745,18769416,24904352,4335
2016,Stanislaus,5968,20761800,27351604,4583
2017,Stanislaus,4447,37245416,48237880,10847
2018,Stanislaus,4281,42591867,53939398,12600
2019,Stanislaus,4063,46792492,58019736,14280
2020,Stanislaus,3581,47196575,57656158,16101
2021,Stanislaus,2739,46200393,54798654,20007
2022,Stanislaus,3421,48096642,53607538,15670
2023,Stanislaus,3725,54196013,57008327,15304
2024,Stanislaus,3611,61238553,62188602,17222
2011,Sutter,815,4415136,6262915,7685
2012,Sutter,759,4568529,6317922,8324
2013,Sutter,835,5158836,7007809,8393
2014,Sutter,865,5514785,7379665,8531
2015,Sutter,755,5474168,7263444,9620
2016,Sutter,727,5462854,7196766,9899
2017,Sutter,679,5712096,7397941,10895
2018,Sutter,682,6310967,7992365,11719
2019,Sutter,733,6684462,8288311,11307
2020,Sutter,642,6860691,8381140,13055
2021,Sutter,477,6334067,7512887,15750
2022,Sutter,497,7135634,7953232,16002
2023,Sutter,525,7127690,7497557,14281
2024,Sutter,511,7574121,7691625,15052
2011,Tehama,437,2482612,3521610,8059
2012,Tehama,495,2695022,3727007,7529
2013,Tehama,612,3383675,4596415,7510
2014,Tehama,739,4246476,5682465,7689
2015,Tehama,770,4903710,6506527,8450
2016,Tehama,918,5389438,7100048,7734
2017,Tehama,957,5507144,7132501,7453
2018,Tehama,986,5897718,7469017,7575
2019,Tehama,1061,5989974,7427190,7000
2020,Tehama,1083,5977846,7302641,6743
2021,Tehama,1095,5660946,6714493,6132
2022,Tehama,1098,6191758,6901207,6285
2023,Tehama,1120,8007563,8423088,7521
2024,Tehama,1154,7445482,7560990,6552
2011,Trinity,352,881836,1250893,3554
2012,Trinity,353,1041825,1440763,4081
2013,Trinity,199,1128500,1532965,7703
2014,Trinity,128,1162265,1555297,12151
2015,Trinity,94,1203704,1597144,16991
2016,Trinity,102,1435782,1891500,18544
2017,Trinity,76,1406813,1822014,23974
2018,Trinity,76,1405956,1780538,23428
2019,Trinity,76,1613484,2000618,26324
2020,Trinity,65,1748997,2136605,32871
2021,Trinity,48,2021746,2398009,49959
2022,Trinity,55,1962233,2187065,39765
2023,Trinity,34,1898310,1996816,58730
2024,Trinity,41,1982074,2012824,49093
2011,Tulare,5128,12168883,17261684,3366
2012,Tulare,4957,12079781,16705401,3370
2013,Tulare,5131,12292360,16698052,3254
2014,Tulare,4951,13841229,18521781,3741
2015,Tulare,3962,15689625,20817906,5254
2016,Tulare,3520,14218028,18730836,5321
2017,Tulare,3132,15613478,20221578,6456
2018,Tulare,3266,15541945,19682705,6027
2019,Tulare,2693,16192338,20077477,7455
2020,Tulare,2044,16344000,19966115,9768
2021,Tulare,1714,15641886,18552966,10824
2022,Tulare,1784,17931254,19985811,11203
2023,Tulare,1570,21670723,22795250,14519
2024,Tulare,1896,25232821,25624280,13515
2011,Tuolumne,1949,2859445,4056152,2081
2012,Tuolumne,1822,3465483,4792495,2630
2013,Tuolumne,1741,3870703,5257998,3020
2014,Tuolumne,1115,4257406,5697091,5109
2015,Tuolumne,702,4479396,5943523,8467
2016,Tuolumne,631,4527893,5965048,9453
2017,Tuolumne,594,4261431,5519133,9291
2018,Tuolumne,652,4151911,5258083,8065
2019,Tuolumne,729,4367844,5415851,7429
2020,Tuolumne,594,4505337,5503798,9266
2021,Tuolumne,591,4581398,5434033,9195
2022,Tuolumne,457,4714376,5254547,11498
2023,Tuolumne,473,5280484,5554496,11743
2024,Tuolumne,480,5822446,5912775,12318
2011,Ventura,15351,14839932,21050594,1371
2012,Ventura,13326,20774606,28729671,2156
2013,Ventura,11576,23419111,31812731,2748
2014,Ventura,10423,25481697,34098591,3271
2015,Ventura,9207,20311956,26951084,2927
2016,Ventura,8532,30147936,39716904,4655
2017,Ventura,8367,30787562,39874081,4766
2018,Ventura,9396,32531342,41198499,4385
2019,Ventura,8476,35182366,43623912,5147
2020,Ventura,7627,34553756,42211470,5534
2021,Ventura,5661,32817225,38924772,6876
2022,Ventura,5716,35339176,39388326,6891
2023,Ventura,5599,35103565,36925143,6595
2024,Ventura,5540,36964436,37537898,6776
2011,Yolo,2903,6218197,8820576,3038
2012,Yolo,2658,7884090,10903086,4102
2013,Yolo,2697,8630115,11723226,4347
2014,Yolo,2417,9717043,13002960,5380
2015,Yolo,2838,9909553,13148571,4633
2016,Yolo,2693,10268117,13527222,5023
2017,Yolo,2982,10158031,13156032,4412
2018,Yolo,2295,10368839,13131355,5722
2019,Yolo,1480,9309256,11542890,7799
2020,Yolo,1041,10493855,12819476,12315
2021,Yolo,520,10085675,11962699,23005
2022,Yolo,476,6622164,7380929,15506
2023,Yolo,460,4165347,4381493,9525
2024,Yolo,409,4779744,4853896,11868
2011,Yuba,803,5153816,7310740,9104
2012,Yuba,780,5617827,7769020,9960
2013,Yuba,733,5211889,7079877,9659
2014,Yuba,655,5316638,7114513,10862
2015,Yuba,188,5673289,7527650,40041
2016,Yuba,305,5858055,7717404,25303
2017,Yuba,421,6495254,8412237,19982
2018,Yuba,538,6508967,8243117,15322
2019,Yuba,514,6760132,8382137,16308
2020,Yuba,489,7458474,9111402,18633
2021,Yuba,493,7671354,9099054,18456
2022,Yuba,445,8031004,8951194,20115
2023,Yuba,522,9581821,10079036,19308
2024,Yuba,597,10048559,10204451,17093
